A10VQA1XJOOKBS, 82460, true, Female, 26, White, , Not Hispanic, English, English, No, A2TLN8489YGY81, 5, None, A23KH0CK7RRUGX, 1, None, A222R4PNCF08OF, 2, None, AIQ1I6ODSIO56, 3, None, AXMPSUNKUBEIL, 4, None
A11YS0T8MV3Q7C, 146380, true, Male, 29, White, , Not Hispanic, English, English, No, A1W0RR1MDYW3NQ, 2, None, A23EGLIF8IEH11, 5, None, A2NZ7RMSBXESNI, 1, None, A27543PSHZQKUV, 4, None, AD0NVUGLDYDYN, 3, None
A12FTSX85NQ8N9, 125581, true, Male, 28, White, , Not Hispanic, English, English, No, A12ASB8854TT4, 5, None, A2NO3OTBZYY43Z, 2, None, A2ATBS6XTIZE89, 1, None, AVPW7AXI9AFSM, 3, None, A2R0YYUAWNT7UD, 4, None
A12OYJM6XQ55OP, 68226, false, Male, 28, White, , Hispanic, English, english, Yes, A2FOUSWQDYHIE0, None, 2, A1CY7IOJ9YH136, None, 1, AJRY9ALX8069Y, None, 3, A2OO4PG3LBLP5I, None, 4, A3KVKK1XLBTSN3, None, 5
A12SEG1TXDWQZG, 320571, false, Male, 33, White, , Not Hispanic, English, ENGLISH, No, A1MLAXF28U2EYB, 5, None, A30Y3H3UJ9QKWV, 1, None, A2RNCA7PK35LHT, 4, None, A2C73Y1COWCA51, 2, None, A1YFVXP4A1CXSF, 3, None
A14JGPC4XBATWG, 333962, false, Female, 48, White, , Not Hispanic, English, ENGLISH, No, A1LEKO0AKAJGD0, None, 4, A2QBFXY9UQMJTT, None, 5, A2RNCA7PK35LHT, None, 3, AVPW7AXI9AFSM, None, 1, A21UA6O7ZFAIQJ, None, 2
A171RZ3O028XF6, 128025, true, Female, 23, Black, , Not Hispanic, English, English, No, A1LEKO0AKAJGD0, None, 1, A3UD3KTZ9BC406, None, 4, AD0NVUGLDYDYN, None, 3, A3JVAEYFE3XGQM, None, 5, A27543PSHZQKUV, None, 2
A17D6BK59S31BM, 52291, false, Male, 30, White, , Not Hispanic, English, English, Yes, A2ZXEIWT5I1E16, 4, None, A1CY7IOJ9YH136, 3, None, A2RNCA7PK35LHT, 1, None, AA3240MSZNQIZ, 5, None, A3LVO816U4WEEG, 2, None
A17DVK96EJZI1N, 159471, true, Male, 26, White, , Not Hispanic, English, English, No, A21UA6O7ZFAIQJ, 5, None, AIQ1I6ODSIO56, 1, None, A2OVWCQ4B9AHFY, 3, None, A1W0RR1MDYW3NQ, 4, None, A1B5SSGMTAQ9B5, 2, None
A17K1CHOI773VZ, 158563, true, Male, 31, White, , Not Hispanic, English, English, Yes, A1H0PW1XZMA42P, 2, None, A2RNCA7PK35LHT, 3, None, AIQ1I6ODSIO56, 5, None, AYDB9H4888F3T, 1, None, A1MLAXF28U2EYB, 4, None
A1815TOQ1PZ7JH, 199816, true, Female, 29, White, , Not Hispanic, English, English, No, A1YFVXP4A1CXSF, 4, None, A22ZZCICZDCSTY, 1, None, A2QD7QFGCUNF5N, 5, None, A30KYQGABO7JER, 2, None, A2C73Y1COWCA51, 3, None
A18BDKIZXVBBJD, 142690, true, Male, 32, Black, , Not Hispanic, English, English, Yes, A2RBBL8G1QMVX9, 5, None, A1HXEXQTZCJ1DW, 1, None, A2Y6K5DW6G7H0T, 4, None, A1W0RR1MDYW3NQ, 2, None, A1ZT30BGR3266K, 3, None
A1BWYUUIZXIEB9, 196581, true, Female, 33, White, , Not Hispanic, English, english, No, A2KPDMEBJQUSR9, None, 3, A12ASB8854TT4, None, 2, A1H0PW1XZMA42P, None, 4, A2TLN8489YGY81, None, 1, A2R0YYUAWNT7UD, None, 5
A1C94R63J0E40W, 241856, false, Male, 48, White, , Hispanic, English, english, Yes, A222R4PNCF08OF, 5, None, A2VOX49K21M6MQ, 1, None, A3UD3KTZ9BC406, 2, None, A1QWB22PR3CG8N, 4, None, AVPW7AXI9AFSM, 3, None
A1C9MVRF0KWAE1, 43640, true, None, 30, White, , Hispanic, English, English, Yes, A2RBBL8G1QMVX9, None, 1, A30KYQGABO7JER, None, 2, A2R0YYUAWNT7UD, None, 5, A171RZ3O028XF6, None, 4, A25CZJEFKXF4UV, None, 3
A1DZMZTXWOM9MR, 328147, true, Male, 39, Black, , Not Hispanic, English, English, No, A2GVON0W6E874S, 5, None, A3292UB6BZWMDB, 4, None, A1QWB22PR3CG8N, 3, None, AVPW7AXI9AFSM, 1, None, A27543PSHZQKUV, 2, None
A1E77HZO63E334, 64193, true, Male, 26, White, , Not Hispanic, English, English, No, A23KH0CK7RRUGX, None, 5, A1M24593XO5Z3C, None, 3, A1CY7IOJ9YH136, None, 4, A2GVON0W6E874S, None, 1, A2TLN8489YGY81, None, 2
A1EEL02IJ8VOTP, 107426, false, Male, 60, White, , Not Hispanic, English, ENGLISH, No, A21UA6O7ZFAIQJ, None, 2, A1YFVXP4A1CXSF, None, 1, A2FOUSWQDYHIE0, None, 3, A328CL0WG845R, None, 4, A12ASB8854TT4, None, 5
A1EITLFAMKA61U, 154564, false, Male, 36, Asian, , Not Hispanic, English, english, No, A2615YW1YERQBO, 4, None, A2RBBL8G1QMVX9, 3, None, A3KVKK1XLBTSN3, 1, None, A270HX8LH9LJ8W, 5, None, A3PZ5UNL6UK8BX, 2, None
A1FCOOO4XRP36A, 77289, true, Female, 32, White, , Not Hispanic, English, english, Yes, AY3W2L53R7EL3, 4, None, A2R0YYUAWNT7UD, 5, None, A2ATBS6XTIZE89, 1, None, A23EGLIF8IEH11, 3, None, A12ASB8854TT4, 2, None
A1GKD3NG1NNHRP, 165030, true, None, 60, White, , Not Hispanic, English, eng, No, A3PZ5UNL6UK8BX, None, 3, A1MLAXF28U2EYB, None, 2, A2NO3OTBZYY43Z, None, 5, A3UD3KTZ9BC406, None, 1, A1H2UHJ78F185L, None, 4
A1IZPL02IS8P40, 132104, true, Female, 59, White, , Hispanic, English, english, Yes, A2QBFXY9UQMJTT, None, 2, A1LEKO0AKAJGD0, None, 1, AYDB9H4888F3T, None, 3, A23KH0CK7RRUGX, None, 4, A1H0PW1XZMA42P, None, 5
A1L1SWCLM0PEIB, 172325, true, None, 32, White, , Hispanic, English, english, No, A30KYQGABO7JER, None, 1, A23EGLIF8IEH11, None, 3, A3PYD7EU2WFST6, None, 5, A22ZZCICZDCSTY, None, 2, A2ATBS6XTIZE89, None, 4
A1LVDFM2BCQND4, 184717, false, Male, 30, White, , Not Hispanic, English, English, No, A1A8MBDIAQT43U, 1, None, A1DZMZTXWOM9MR, 2, None, A2QD7QFGCUNF5N, 3, None, A1H0PW1XZMA42P, 4, None, A2ATBS6XTIZE89, 5, None
A1M24593XO5Z3C, 314578, true, Male, 27, White, , Hispanic, English, english, No, AIQ1I6ODSIO56, 2, None, AVBRJBJONL47I, 5, None, A23KH0CK7RRUGX, 4, None, A1B5SSGMTAQ9B5, 3, None, AY3W2L53R7EL3, 1, None
A1M7G9KKXWH76A, 350724, true, Male, 48, Black, , Not Hispanic, English, English, None, A2FOUSWQDYHIE0, 3, None, A1ZT30BGR3266K, 5, None, A38DXFI1TZA295, 2, None, A22ZZCICZDCSTY, 4, None, A3V06PKJGI7OY, 1, None
A1NG0AADOGVP5Z, 87168, true, Female, 49, White, , Not Hispanic, English, english, Yes, AY3W2L53R7EL3, 3, None, A1MLAXF28U2EYB, 1, None, A2BJGX6XXE49JG, 5, None, A38DXFI1TZA295, 2, None, A2R0YYUAWNT7UD, 4, None
A1NKKZP1IV9VX5, 87645, false, Male, 30, White, , Not Hispanic, English, English, Yes, A1B5SSGMTAQ9B5, None, 3, A2FOUSWQDYHIE0, None, 1, A1ROEDVMTO9Y3X, None, 5, A1B5O1E2T429ET, None, 2, AYDB9H4888F3T, None, 4
A1NZFJHVJ9CNTO, 31230, true, Male, 29, White, , Not Hispanic, English, english, No, A3KVKK1XLBTSN3, None, 3, A3V06PKJGI7OY, None, 4, A2RBBL8G1QMVX9, None, 2, AY3W2L53R7EL3, None, 1, A270HX8LH9LJ8W, None, 5
A1OQDD1Y4TIE3Y, 249367, false, Female, 30, White, , Not Hispanic, English, ENGLISH , Yes, AVPW7AXI9AFSM, None, 2, A3292UB6BZWMDB, None, 1, A1KWRC85I15X6Y, None, 5, A2NZ7RMSBXESNI, None, 3, A2R0YYUAWNT7UD, None, 4
A1P2RQ166VS5BT, 98925, true, Female, 62, White, , Not Hispanic, English, , Yes, A21UA6O7ZFAIQJ, 3, None, A1M24593XO5Z3C, 5, None, A3KVKK1XLBTSN3, 4, None, A2R0YYUAWNT7UD, 1, None, AXMPSUNKUBEIL, 2, None
A1P6OXEJ86HQRM, 133749, true, Male, 38, White, , Not Hispanic, English, English, No, A222R4PNCF08OF, None, 1, A2TLN8489YGY81, None, 2, A3UD3KTZ9BC406, None, 4, A2C73Y1COWCA51, None, 5, A1A8MBDIAQT43U, None, 3
A1PAY3X73PQ16S, 137463, true, Female, 52, White American Indian, , Not Hispanic, English, English, No, A1LEKO0AKAJGD0, None, 4, A1W0RR1MDYW3NQ, None, 3, AYDB9H4888F3T, None, 1, A248LF7KKHXZ14, None, 2, A1YFVXP4A1CXSF, None, 5
A1PF01FF85HUY4, 106168, true, Male, 36, White, , Not Hispanic, English, english, No, A2ZXEIWT5I1E16, None, 2, A248LF7KKHXZ14, None, 1, A3LVO816U4WEEG, None, 5, AJRY9ALX8069Y, None, 4, A270HX8LH9LJ8W, None, 3
A1PQW43P7FYJQT, 121337, true, Female, 25, White, , Not Hispanic, English, english, No, A38DXFI1TZA295, 3, None, AIQ1I6ODSIO56, 2, None, A12ASB8854TT4, 1, None, A270HX8LH9LJ8W, 5, None, A3KVKK1XLBTSN3, 4, None
A1PY2VNXG9TSD8, 199385, true, Male, 38, White, , Not Hispanic, English, english, No, A2GVON0W6E874S, None, 1, AVBRJBJONL47I, None, 4, A2ZXEIWT5I1E16, None, 2, A23KH0CK7RRUGX, None, 3, A1W0RR1MDYW3NQ, None, 5
A1QC1K71RGKZBI, 304990, false, Female, 70, White, , Not Hispanic, English, English, No, A1LEKO0AKAJGD0, None, 5, A2ATBS6XTIZE89, None, 1, A3292UB6BZWMDB, None, 3, A2QD7QFGCUNF5N, None, 2, A3KP8KFGG6734Q, None, 4
A1ROEDVMTO9Y3X, 84750, true, Female, 50, White, , Not Hispanic, English, english, No, A2NZ7RMSBXESNI, 2, None, A3LVO816U4WEEG, 3, None, AJRY9ALX8069Y, 4, None, A2GVON0W6E874S, 1, None, A2NO3OTBZYY43Z, 5, None
A1S9I9H0M4BKMT, 273318, false, Male, 35, Black, , Hispanic, English, english, No, A1DZMZTXWOM9MR, None, 1, A1LEKO0AKAJGD0, None, 2, A2VOX49K21M6MQ, None, 3, A1W0RR1MDYW3NQ, None, 4, A270HX8LH9LJ8W, None, 5
A1SPG1KPFY5FL7, 164636, true, Male, 54, White, , Not Hispanic, English, English, No, A1HXEXQTZCJ1DW, None, 4, A1MLAXF28U2EYB, None, 2, A2NO3OTBZYY43Z, None, 5, A1YFVXP4A1CXSF, None, 3, A2TLN8489YGY81, None, 1
A1VFZK7GD0EUY8, 88564, false, Male, 30, White, , Not Hispanic, English, English, No, A1QWB22PR3CG8N, None, 5, A2KPDMEBJQUSR9, None, 3, AY3W2L53R7EL3, None, 1, A1B5SSGMTAQ9B5, None, 2, A328CL0WG845R, None, 4
A1VGQQPI02FE31, 65294, false, Male, 40, White, , Not Hispanic, English, good, No, A2NO3OTBZYY43Z, None, 1, A3PZ5UNL6UK8BX, None, 2, A2ATBS6XTIZE89, None, 3, A1LEKO0AKAJGD0, None, 4, A2OVWCQ4B9AHFY, None, 5
A1VXYFTB9FT9Q3, 83922, false, Female, 27, White, , Not Hispanic, English, English , Yes, AY3W2L53R7EL3, None, 1, A2KPDMEBJQUSR9, None, 2, A2ZXEIWT5I1E16, None, 4, A1B5O1E2T429ET, None, 3, A2OO4PG3LBLP5I, None, 5
A1W2L6BM7VQCXO, 166637, false, Male, 34, White, , Not Hispanic, English, English, No, A30Y3H3UJ9QKWV, 2, None, A1QWB22PR3CG8N, 3, None, AVPW7AXI9AFSM, 4, None, A12ASB8854TT4, 5, None, A270HX8LH9LJ8W, 1, None
A1W4IZ0AMF3MZC, 97940, true, Female, 30, White, , Not Hispanic, English, ENGLISH, Yes, A1HXEXQTZCJ1DW, None, 4, A1KWRC85I15X6Y, None, 1, A1H0PW1XZMA42P, None, 5, A21UA6O7ZFAIQJ, None, 2, A1ROEDVMTO9Y3X, None, 3
A1W7I6FN183I8F, 189017, true, Male, 30, White, , Not Hispanic, English, English, No, A30KYQGABO7JER, 1, None, A2Y6K5DW6G7H0T, 5, None, A1KWRC85I15X6Y, 3, None, A1CY7IOJ9YH136, 4, None, A1B5SSGMTAQ9B5, 2, None
A1XVEKS9O73ERE, 170933, true, Female, 39, White, , Not Hispanic, English, English, No, A22ZZCICZDCSTY, 3, None, A3UD3KTZ9BC406, 2, None, A2GVON0W6E874S, 1, None, AVPW7AXI9AFSM, 5, None, A3LVO816U4WEEG, 4, None
A1YVLMFG2JELTP, 120711, true, Male, 65, White, , Not Hispanic, None, english, Yes, AY3W2L53R7EL3, None, 5, A38DXFI1TZA295, None, 1, AXMPSUNKUBEIL, None, 4, A12ASB8854TT4, None, 2, A1HXEXQTZCJ1DW, None, 3
A1YZ0ETOCJO1B2, 238247, true, Male, 36, White, , Hispanic, English, English, Yes, A2OO4PG3LBLP5I, 2, None, A2NO3OTBZYY43Z, 1, None, A2Y6K5DW6G7H0T, 5, None, A2TLN8489YGY81, 4, None, A2QBFXY9UQMJTT, 3, None
A1Z74CXNF2IAAW, 374488, true, Male, 30, Black, , Hispanic, English, English, Yes, A3KVKK1XLBTSN3, 5, None, A2SM1GBN4ARGM4, 1, None, A3V92Z4UXBEPOM, 2, None, A1DZMZTXWOM9MR, 4, None, AYDB9H4888F3T, 3, None
A1ZAVCDE37F1CY, 255407, true, Male, 25, White, , Hispanic, English, English, No, A1YFVXP4A1CXSF, None, 4, A3V92Z4UXBEPOM, None, 1, A3KP8KFGG6734Q, None, 5, AIQ1I6ODSIO56, None, 3, A3LVO816U4WEEG, None, 2
A214HI0BN2GXHD, 324597, false, Male, 44, Black, , Hispanic, English, English, No, A3UD3KTZ9BC406, 3, None, A2615YW1YERQBO, 1, None, A3V06PKJGI7OY, 4, None, AVBRJBJONL47I, 2, None, A1A8MBDIAQT43U, 5, None
A21X7WZ7A7ROEH, 37858, false, Male, 35, White, , Not Hispanic, English, 1, Yes, A2SM1GBN4ARGM4, None, 1, A25CZJEFKXF4UV, None, 2, A2TLN8489YGY81, None, 3, A3292UB6BZWMDB, None, 4, A2RNCA7PK35LHT, None, 5
A21X7WZ7A7ROEH, 41910, false, Male, 35, White, , Not Hispanic, English, 1, Yes, A2SM1GBN4ARGM4, None, 1, A25CZJEFKXF4UV, None, 2, A2TLN8489YGY81, None, 3, A3292UB6BZWMDB, None, 4, A2RNCA7PK35LHT, None, 5
A21X7WZ7A7ROEH, 43087, false, Male, 35, White, , Not Hispanic, English, 1, Yes, A2SM1GBN4ARGM4, None, 1, A25CZJEFKXF4UV, None, 2, A2TLN8489YGY81, None, 3, A3292UB6BZWMDB, None, 4, A2RNCA7PK35LHT, None, 5
A21X7WZ7A7ROEH, 44358, false, Male, 35, White, , Not Hispanic, English, 1, Yes, A2SM1GBN4ARGM4, None, 1, A25CZJEFKXF4UV, None, 2, A2TLN8489YGY81, None, 3, A3292UB6BZWMDB, None, 4, A2RNCA7PK35LHT, None, 5
A21X7WZ7A7ROEH, 44966, false, Male, 35, White, , Not Hispanic, English, 1, Yes, A2SM1GBN4ARGM4, None, 1, A25CZJEFKXF4UV, None, 2, A2TLN8489YGY81, None, 3, A3292UB6BZWMDB, None, 4, A2RNCA7PK35LHT, None, 5
A21X7WZ7A7ROEH, 45182, false, Male, 35, White, , Not Hispanic, English, 1, Yes, A2SM1GBN4ARGM4, None, 1, A25CZJEFKXF4UV, None, 2, A2TLN8489YGY81, None, 3, A3292UB6BZWMDB, None, 4, A2RNCA7PK35LHT, None, 5
A21X7WZ7A7ROEH, 45342, false, Male, 35, White, , Not Hispanic, English, 1, Yes, A2SM1GBN4ARGM4, None, 1, A25CZJEFKXF4UV, None, 2, A2TLN8489YGY81, None, 3, A3292UB6BZWMDB, None, 4, A2RNCA7PK35LHT, None, 5
A21X7WZ7A7ROEH, 45518, false, Male, 35, White, , Not Hispanic, English, 1, Yes, A2SM1GBN4ARGM4, None, 1, A25CZJEFKXF4UV, None, 2, A2TLN8489YGY81, None, 3, A3292UB6BZWMDB, None, 4, A2RNCA7PK35LHT, None, 5
A2287HLNN9EZ56, 126065, true, None, 30, White, , Not Hispanic, English, English, No, A2RBBL8G1QMVX9, None, 5, A2615YW1YERQBO, None, 2, A2ATBS6XTIZE89, None, 1, A1LEKO0AKAJGD0, None, 3, A2QD7QFGCUNF5N, None, 4
A22YWC9422V090, 287238, true, Female, 30, Asian, , Not Hispanic, English, english, Yes, A3PZ5UNL6UK8BX, None, 4, A3LVO816U4WEEG, None, 5, A1YFVXP4A1CXSF, None, 1, A2NO3OTBZYY43Z, None, 2, A2VOX49K21M6MQ, None, 3
A272X64FOZFYLB, 124477, true, Male, 26, White, , Not Hispanic, English, English, No, A2FOUSWQDYHIE0, None, 4, A1LEKO0AKAJGD0, None, 5, A2NO3OTBZYY43Z, None, 2, A38DXFI1TZA295, None, 3, A3KP8KFGG6734Q, None, 1
A286W816CMIZL9, 145395, true, Female, 42, White, , Not Hispanic, English, english, No, A3V92Z4UXBEPOM, None, 4, A3292UB6BZWMDB, None, 5, A2RBBL8G1QMVX9, None, 3, A248LF7KKHXZ14, None, 1, A1CY7IOJ9YH136, None, 2
A296NP2MIEJMA4, 139521, false, Male, 51, White, , Not Hispanic, English, English, Yes, AD0NVUGLDYDYN, None, 1, A2FOUSWQDYHIE0, None, 4, AYDB9H4888F3T, None, 5, A2RNCA7PK35LHT, None, 2, A1B5SSGMTAQ9B5, None, 3
A2B227N1NQYS56, 129317, true, Male, 34, White, , Not Hispanic, English, English, No, A30KYQGABO7JER, None, 2, A22ZZCICZDCSTY, None, 3, A21UA6O7ZFAIQJ, None, 5, A1LEKO0AKAJGD0, None, 1, A2ZXEIWT5I1E16, None, 4
A2C73Y1COWCA51, 175792, true, Male, 28, American Indian, , Hispanic, English, english, Yes, A2RBBL8G1QMVX9, 4, None, A3LVO816U4WEEG, 3, None, A1W0RR1MDYW3NQ, 2, None, A1A8MBDIAQT43U, 5, None, AYDB9H4888F3T, 1, None
A2EKR2ZFO10VMV, 115533, true, Female, 29, White, , Not Hispanic, English, English, No, AIQ1I6ODSIO56, None, 1, A3V92Z4UXBEPOM, None, 4, A222R4PNCF08OF, None, 5, AD0NVUGLDYDYN, None, 2, A2Y6K5DW6G7H0T, None, 3
A2HSCKH5NKN5LP, 56618, true, Male, 33, White, , Not Hispanic, English, English, No, A2GVON0W6E874S, 1, None, A1LEKO0AKAJGD0, 2, None, A38DXFI1TZA295, 3, None, A1M24593XO5Z3C, 4, None, A30Y3H3UJ9QKWV, 5, None
A2HVYHMQH9DTWH, 156672, false, Male, 35, White, , Not Hispanic, English, english, Yes, A3V92Z4UXBEPOM, None, 2, A3V06PKJGI7OY, None, 3, A22ZZCICZDCSTY, None, 1, A1W0RR1MDYW3NQ, None, 4, A1QWB22PR3CG8N, None, 5
A2I6ZALE49CVSC, 43177, true, Male, 28, White, , Not Hispanic, English, English, No, A2R0YYUAWNT7UD, None, 2, A2OVWCQ4B9AHFY, None, 1, A270HX8LH9LJ8W, None, 4, A22ZZCICZDCSTY, None, 3, A1DZMZTXWOM9MR, None, 5
A2IP3ZAFYGV8M9, 102477, true, Male, 28, White, , Not Hispanic, English, English, No, A1B5SSGMTAQ9B5, 5, None, A2R0YYUAWNT7UD, 1, None, A3292UB6BZWMDB, 3, None, AJRY9ALX8069Y, 4, None, AXMPSUNKUBEIL, 2, None
A2N9U74YIPDQ9F, 146012, true, Female, 52, White, , Not Hispanic, English, English, No, A1ZT30BGR3266K, 3, None, A1W0RR1MDYW3NQ, 4, None, A1B5O1E2T429ET, 1, None, A1QWB22PR3CG8N, 5, None, A1ROEDVMTO9Y3X, 2, None
A2NMTMGYVG4IHJ, 81970, false, Male, 34, White, , Not Hispanic, English, 1, Yes, A2QD7QFGCUNF5N, 1, None, A23EGLIF8IEH11, 2, None, A2GVON0W6E874S, 3, None, AVBRJBJONL47I, 4, None, A27543PSHZQKUV, 5, None
A2OLJC7K0Z2BCA, 42337, false, Male, 57, White, , Not Hispanic, English, ENGLISH, Yes, A1H2UHJ78F185L, None, 1, A1MLAXF28U2EYB, None, 3, AVBRJBJONL47I, None, 2, A1B5O1E2T429ET, None, 5, A12ASB8854TT4, None, 4
A2OT57K340ZJK, 99968, false, Male, 30, NA, , Not Hispanic, English, 1, Yes, A3KP8KFGG6734Q, 1, None, A1KWRC85I15X6Y, 3, None, A1M24593XO5Z3C, 4, None, A1DZMZTXWOM9MR, 5, None, A12ASB8854TT4, 2, None
A2R8IV2PWFTY00, 155722, true, Male, 55, White, , Not Hispanic, English, English, No, A1A8MBDIAQT43U, None, 1, A30Y3H3UJ9QKWV, None, 5, A23EGLIF8IEH11, None, 4, A2FOUSWQDYHIE0, None, 3, AA3240MSZNQIZ, None, 2
A2SO6K35NMGBB7, 183372, true, Male, 40, White, , Not Hispanic, English, english, No, A1ZT30BGR3266K, 2, None, A22ZZCICZDCSTY, 4, None, A23EGLIF8IEH11, 5, None, A3PYD7EU2WFST6, 3, None, A2QBFXY9UQMJTT, 1, None
A2VRDE2FHCBMF8, 124178, true, Male, 41, White, , Not Hispanic, English, Italian, Yes, A1A8MBDIAQT43U, 4, None, A2KPDMEBJQUSR9, 5, None, A2615YW1YERQBO, 1, None, A222R4PNCF08OF, 2, None, A1KWRC85I15X6Y, 3, None
A2Y0WNHMT4PZ4C, 219626, true, Male, 52, White, , Not Hispanic, English, English, No, A2QBFXY9UQMJTT, None, 3, A1KWRC85I15X6Y, None, 5, AY3W2L53R7EL3, None, 1, A1H0PW1XZMA42P, None, 2, A2TLN8489YGY81, None, 4
A2Y8LLW4VOI9S0, 79157, false, Male, 31, White, , Not Hispanic, English, english, Yes, A2TLN8489YGY81, None, 4, A222R4PNCF08OF, None, 5, A1QWB22PR3CG8N, None, 1, A171RZ3O028XF6, None, 2, A2QBFXY9UQMJTT, None, 3
A2YRH9UGZM1GM5, 67205, false, Female, 32, White, , Not Hispanic, English, english, Yes, AA3240MSZNQIZ, None, 3, A328CL0WG845R, None, 4, A1ROEDVMTO9Y3X, None, 5, A2TLN8489YGY81, None, 2, A1DZMZTXWOM9MR, None, 1
A2Z7SWO6HS5OOI, 83456, true, Female, 25, White, , Not Hispanic, English, English, No, AJRY9ALX8069Y, None, 1, A22ZZCICZDCSTY, None, 4, A1DZMZTXWOM9MR, None, 3, A2GVON0W6E874S, None, 2, AY3W2L53R7EL3, None, 5
A32E0KI8O4W68D, 295589, true, Female, 30, White, , Not Hispanic, English, English, No, A1W0RR1MDYW3NQ, 1, None, A2NO3OTBZYY43Z, 5, None, A1MLAXF28U2EYB, 2, None, A3LVO816U4WEEG, 3, None, A1H0PW1XZMA42P, 4, None
A32OUEZJNPCZQX, 83281, false, Female, 25, White, , Not Hispanic, English, ENGLISH, Yes, A3JVAEYFE3XGQM, 5, None, A30Y3H3UJ9QKWV, 3, None, A1YFVXP4A1CXSF, 1, None, A3292UB6BZWMDB, 2, None, A2NO3OTBZYY43Z, 4, None
A33OP2QVMH03MC, 170150, false, Male, 30, White, , Not Hispanic, English, english, Yes, A22ZZCICZDCSTY, 1, None, A3JVAEYFE3XGQM, 5, None, A1B5O1E2T429ET, 2, None, A1CY7IOJ9YH136, 3, None, AYDB9H4888F3T, 4, None
A37OUZOGQKGMW0, 322247, true, Female, 69, White, , Not Hispanic, English, English, No, AXMPSUNKUBEIL, None, 1, AA3240MSZNQIZ, None, 2, A3388HIWAKD3DV, None, 5, A222R4PNCF08OF, None, 4, A1ZT30BGR3266K, None, 3
A37PO5YNKE5D97, 183057, true, Female, 36, White, , Not Hispanic, English, english, No, A2GVON0W6E874S, 2, None, A1CY7IOJ9YH136, 3, None, A27543PSHZQKUV, 5, None, A2RBBL8G1QMVX9, 4, None, A22ZZCICZDCSTY, 1, None
A3843S9LWPDN2K, 262144, true, Female, 33, Black, , Not Hispanic, English, English, No, A3292UB6BZWMDB, 2, None, A171RZ3O028XF6, 4, None, A2C73Y1COWCA51, 5, None, A1ZT30BGR3266K, 1, None, A1YFVXP4A1CXSF, 3, None
A386PZ7YCIAJUV, 165587, false, Male, 45, Asian, , Hispanic, English, , Yes, A1H2UHJ78F185L, None, 2, A12ASB8854TT4, None, 3, A2R0YYUAWNT7UD, None, 1, A1B5O1E2T429ET, None, 5, A2GVON0W6E874S, None, 4
A39L9VT9UNW52, 51063, false, Male, 25, White, , Not Hispanic, English, english, No, A2RNCA7PK35LHT, None, 1, A2QD7QFGCUNF5N, None, 2, A1MLAXF28U2EYB, None, 4, A1KWRC85I15X6Y, None, 3, A3KVKK1XLBTSN3, None, 5
A39VZ93N96XB6O, 108534, true, Female, 31, Black, , Not Hispanic, English, English, No, AYDB9H4888F3T, 1, None, A2BJGX6XXE49JG, 2, None, A1HXEXQTZCJ1DW, 3, None, A3KP8KFGG6734Q, 5, None, A1MLAXF28U2EYB, 4, None
A3AUIYZ27TBTP9, 57926, true, NB, 20, White, , Not Hispanic, English, english, No, A2RNCA7PK35LHT, None, 1, A2NZ7RMSBXESNI, None, 3, A2OVWCQ4B9AHFY, None, 4, A1HXEXQTZCJ1DW, None, 5, A21UA6O7ZFAIQJ, None, 2
A3CP03KUNUMEWF, 267252, false, Female, 40, White, , Not Hispanic, English, , Yes, A3UD3KTZ9BC406, None, 2, A2615YW1YERQBO, None, 1, AXMPSUNKUBEIL, None, 5, A171RZ3O028XF6, None, 4, A3JVAEYFE3XGQM, None, 3
A3D2GO0IFRFN6R, 109427, true, Female, 35, White, , Not Hispanic, English, english, No, A23KH0CK7RRUGX, None, 5, A1H0PW1XZMA42P, None, 4, A1ZT30BGR3266K, None, 2, A1B5O1E2T429ET, None, 1, A2ATBS6XTIZE89, None, 3
A3DFZQAOZ0NK2Q, 283264, true, Male, 30, Asian, , Not Hispanic, English, , Yes, A30KYQGABO7JER, 1, None, A2RNCA7PK35LHT, 4, None, A1W0RR1MDYW3NQ, 3, None, A2615YW1YERQBO, 5, None, A248LF7KKHXZ14, 2, None
A3DR5W06XL43R0, 56302, false, Male, 32, Black, , Hispanic, English, English, Yes, AIQ1I6ODSIO56, None, 3, A2OVWCQ4B9AHFY, None, 2, A2NZ7RMSBXESNI, None, 4, A3LVO816U4WEEG, None, 1, A1MLAXF28U2EYB, None, 5
A3EKTYYQ48Q31, 271043, false, Female, 25, White, , Hispanic, English, english, No, A2ATBS6XTIZE89, None, 4, A270HX8LH9LJ8W, None, 3, A222R4PNCF08OF, None, 1, A3JVAEYFE3XGQM, None, 5, A2Y6K5DW6G7H0T, None, 2
A3EPYIKGXR7314, 244662, true, Female, 35, White, , Not Hispanic, English, English, Yes, AVPW7AXI9AFSM, 5, None, A3PYD7EU2WFST6, 1, None, A30KYQGABO7JER, 2, None, A25CZJEFKXF4UV, 3, None, A38DXFI1TZA295, 4, None
A3IKDVWG7ZFKQM, 94084, false, Female, 33, White, , Not Hispanic, English, ENGLISH, Yes, A2RBBL8G1QMVX9, 5, None, A328CL0WG845R, 1, None, A21UA6O7ZFAIQJ, 2, None, A222R4PNCF08OF, 4, None, A1ROEDVMTO9Y3X, 3, None
A3KJHBYLVDBQVF, 248859, true, Male, 32, White, , Not Hispanic, English, ENGLISH, Yes, A2615YW1YERQBO, 2, None, A2C73Y1COWCA51, 3, None, A3V06PKJGI7OY, 4, None, A248LF7KKHXZ14, 5, None, A2VOX49K21M6MQ, 1, None
A3KP8KFGG6734Q, 136042, false, Female, 56, White American Indian, , Not Hispanic, English, English, No, A2FOUSWQDYHIE0, None, 5, A1M24593XO5Z3C, None, 1, A3V92Z4UXBEPOM, None, 4, AIQ1I6ODSIO56, None, 2, AA3240MSZNQIZ, None, 3
A3N0WM58SO9R24, 257515, false, Female, 63, White, , Not Hispanic, English, English, No, A3388HIWAKD3DV, None, 4, A2OVWCQ4B9AHFY, None, 3, A2Y6K5DW6G7H0T, None, 2, A248LF7KKHXZ14, None, 5, A3V06PKJGI7OY, None, 1
A3OC7DWUX0M17C, 122959, true, Male, 22, White, , Not Hispanic, Other, English, Yes, A3JVAEYFE3XGQM, None, 4, A2GVON0W6E874S, None, 2, A22ZZCICZDCSTY, None, 1, A3V06PKJGI7OY, None, 3, A1H2UHJ78F185L, None, 5
A3PMDWVOWRTIS1, 134117, true, Male, 35, White, , Not Hispanic, English, english, Yes, A3LVO816U4WEEG, None, 5, AVBRJBJONL47I, None, 2, A2OO4PG3LBLP5I, None, 3, A2R0YYUAWNT7UD, None, 4, A1ZT30BGR3266K, None, 1
A3QVKXIIKK2FV, 172989, false, Male, 27, White, , Hispanic, English, , Yes, A30KYQGABO7JER, None, 2, A23EGLIF8IEH11, None, 5, A3KVKK1XLBTSN3, None, 4, A2OVWCQ4B9AHFY, None, 3, A3V92Z4UXBEPOM, None, 1
A3QVMLYF5SEMHA, 193187, false, Female, 38, White, , Not Hispanic, English, english, No, A2VOX49K21M6MQ, 5, None, A2RNCA7PK35LHT, 3, None, A3V92Z4UXBEPOM, 2, None, AYDB9H4888F3T, 4, None, A1MLAXF28U2EYB, 1, None
A3W4XLAHW96WQI, 594486, true, Female, 30, White, , None, English, English, Yes, A1B5SSGMTAQ9B5, 5, None, A1CY7IOJ9YH136, 2, None, A1ROEDVMTO9Y3X, 1, None, A2NZ7RMSBXESNI, 3, None, A1A8MBDIAQT43U, 4, None
A4M35GKK07AAS, 279429, false, Female, 30, White, , Hispanic, English, English, Yes, A2TLN8489YGY81, 1, None, A3UD3KTZ9BC406, 2, None, AJRY9ALX8069Y, 4, None, A3KP8KFGG6734Q, 3, None, A25CZJEFKXF4UV, 5, None
A52LQ3FS7QPHM, 128479, false, Male, 33, Black, , Not Hispanic, English, english, No, AIQ1I6ODSIO56, 1, None, A1MLAXF28U2EYB, 2, None, A1LEKO0AKAJGD0, 3, None, A222R4PNCF08OF, 4, None, A1H0PW1XZMA42P, 5, None
A598UDLZZZAJ3, 217936, true, Female, 63, Black, , Not Hispanic, English, English, No, A3V92Z4UXBEPOM, None, 5, A25CZJEFKXF4UV, None, 3, A1M24593XO5Z3C, None, 1, A27543PSHZQKUV, None, 2, A23EGLIF8IEH11, None, 4
A5J7GS4PTM3RH, 187221, true, Male, 28, White, , Hispanic, English, English, No, A3JVAEYFE3XGQM, None, 2, A21UA6O7ZFAIQJ, None, 4, A2OO4PG3LBLP5I, None, 1, A2KPDMEBJQUSR9, None, 3, A1LEKO0AKAJGD0, None, 5
A73UBWHFPAT7E, 114276, true, Female, 24, White, , Not Hispanic, English, English, No, A1YFVXP4A1CXSF, 1, None, A3KP8KFGG6734Q, 3, None, A1MLAXF28U2EYB, 4, None, AVBRJBJONL47I, 2, None, A38DXFI1TZA295, 5, None
A7ERZELTAMWL5, 185344, true, Male, 69, White, , Not Hispanic, English, English, No, A2BJGX6XXE49JG, None, 5, A1ROEDVMTO9Y3X, None, 4, A2RBBL8G1QMVX9, None, 2, A2OO4PG3LBLP5I, None, 1, A3LVO816U4WEEG, None, 3
A80VVVIK0U56Q, 153257, true, Female, 26, White, , Not Hispanic, English, english, No, A2FOUSWQDYHIE0, None, 1, A1W0RR1MDYW3NQ, None, 2, A328CL0WG845R, None, 3, A23EGLIF8IEH11, None, 4, A2NZ7RMSBXESNI, None, 5
A86TA4Y5NEAQ6, 508177, false, Male, 35, Black, , Hispanic, English, english, No, A2ZXEIWT5I1E16, 4, None, A22ZZCICZDCSTY, 2, None, AY3W2L53R7EL3, 1, None, A1B5SSGMTAQ9B5, 3, None, A30KYQGABO7JER, 5, None
A8KX1HFH8NE2Q, 118305, true, Male, 53, White, , Not Hispanic, English, English, No, A328CL0WG845R, None, 4, A2VOX49K21M6MQ, None, 3, A2TLN8489YGY81, None, 5, A1CY7IOJ9YH136, None, 1, A38DXFI1TZA295, None, 2
AAVXVUCG3TY5E, 135424, true, Male, 28, White, , Hispanic, English, English, No, A2BJGX6XXE49JG, None, 3, A23EGLIF8IEH11, None, 5, A222R4PNCF08OF, None, 2, A1M24593XO5Z3C, None, 1, AVPW7AXI9AFSM, None, 4
ABNH026RZU28C, 271643, true, Male, 40, Black, , Not Hispanic, English, english, Yes, A21UA6O7ZFAIQJ, 1, None, A27543PSHZQKUV, 3, None, A3UD3KTZ9BC406, 2, None, AJRY9ALX8069Y, 5, None, A23KH0CK7RRUGX, 4, None
AC9LOCQI79LLM, 667614, false, Male, 30, Black, , Hispanic, English, english, Yes, A2QD7QFGCUNF5N, 1, None, A1MLAXF28U2EYB, 2, None, AYDB9H4888F3T, 3, None, AVBRJBJONL47I, 4, None, A328CL0WG845R, 5, None
AETIZKQNUSBLB, 140104, true, Male, 29, White, , Not Hispanic, English, English, No, A2QD7QFGCUNF5N, None, 1, A2OO4PG3LBLP5I, None, 2, A3292UB6BZWMDB, None, 3, A27543PSHZQKUV, None, 4, A1W0RR1MDYW3NQ, None, 5
AGWWUXDX6CI38, 74527, true, Female, 23, White, , Not Hispanic, English, english, No, AA3240MSZNQIZ, 2, None, A1HXEXQTZCJ1DW, 5, None, A1DZMZTXWOM9MR, 3, None, A1W0RR1MDYW3NQ, 1, None, A1MLAXF28U2EYB, 4, None
AK77EA1UZ8KJG, 33663, false, Male, 23, American Indian, , Not Hispanic, English, english, No, A1M24593XO5Z3C, 1, None, A23EGLIF8IEH11, 4, None, A1KWRC85I15X6Y, 5, None, A3V92Z4UXBEPOM, 3, None, A1B5O1E2T429ET, 2, None
AKQAI78JTXXC9, 89646, true, Male, 37, White, , Not Hispanic, English, english, No, AXMPSUNKUBEIL, 5, None, A3JVAEYFE3XGQM, 3, None, A23EGLIF8IEH11, 2, None, A2NO3OTBZYY43Z, 1, None, A1ZT30BGR3266K, 4, None
AKSJ3C5O3V9RB, 829856, true, Female, 24, Asian, , Not Hispanic, English, English , No, A3PZ5UNL6UK8BX, None, 2, A1H2UHJ78F185L, None, 1, A1CY7IOJ9YH136, None, 3, A3V92Z4UXBEPOM, None, 5, A2OO4PG3LBLP5I, None, 4
AMGICKFHFKFCG, 162486, true, Female, 33, Black, , Not Hispanic, English, english, No, A23KH0CK7RRUGX, 5, None, AYDB9H4888F3T, 3, None, A3V06PKJGI7OY, 1, None, A2R0YYUAWNT7UD, 4, None, A1H2UHJ78F185L, 2, None
AMVHBQVJU46H4, 336723, false, Male, 40, White, , Not Hispanic, English, English, Yes, A3JVAEYFE3XGQM, 5, None, AXMPSUNKUBEIL, 1, None, A2GVON0W6E874S, 2, None, A2OO4PG3LBLP5I, 4, None, A2BJGX6XXE49JG, 3, None
AOIR8V07FYMH5, 158448, true, Male, 33, White, , Not Hispanic, English, English, No, A3LVO816U4WEEG, None, 3, A2615YW1YERQBO, None, 5, A3292UB6BZWMDB, None, 2, A1A8MBDIAQT43U, None, 1, A2C73Y1COWCA51, None, 4
ARWF605I7RWM7, 164097, true, Female, 40, White, , Hispanic, English, English, No, A1ROEDVMTO9Y3X, 4, None, AVPW7AXI9AFSM, 2, None, A2KPDMEBJQUSR9, 5, None, A2ATBS6XTIZE89, 3, None, A1H2UHJ78F185L, 1, None
AUATGK4NB3Q6O, 154577, false, None, 25, White, , Not Hispanic, English, English, Yes, A25CZJEFKXF4UV, 1, None, A2C73Y1COWCA51, 2, None, A1B5SSGMTAQ9B5, 3, None, A21UA6O7ZFAIQJ, 4, None, A3PZ5UNL6UK8BX, 5, None
AUATGK4NB3Q6O, 154590, false, None, 25, White, , Not Hispanic, English, English, Yes, A25CZJEFKXF4UV, 1, None, A2C73Y1COWCA51, 2, None, A1B5SSGMTAQ9B5, 3, None, A21UA6O7ZFAIQJ, 4, None, A3PZ5UNL6UK8BX, 5, None
AUATGK4NB3Q6O, 154601, false, None, 25, White, , Not Hispanic, English, English, Yes, A25CZJEFKXF4UV, 1, None, A2C73Y1COWCA51, 2, None, A1B5SSGMTAQ9B5, 3, None, A21UA6O7ZFAIQJ, 4, None, A3PZ5UNL6UK8BX, 5, None
AURYD2FH3FUOQ, 122043, true, Female, 58, White, , Not Hispanic, English, English, No, A1ROEDVMTO9Y3X, None, 2, A328CL0WG845R, None, 3, A2SM1GBN4ARGM4, None, 5, A222R4PNCF08OF, None, 4, AD0NVUGLDYDYN, None, 1
AUWJQWXVO4Q8, 231795, true, Female, 28, White, , Not Hispanic, English, English, No, A1MLAXF28U2EYB, None, 2, A1ROEDVMTO9Y3X, None, 3, A3KVKK1XLBTSN3, None, 1, AVPW7AXI9AFSM, None, 4, A2QBFXY9UQMJTT, None, 5
AV5FCKI1TTSKR, 95839, true, Male, 46, Black, , Not Hispanic, English, , No, AVBRJBJONL47I, None, 2, A30Y3H3UJ9QKWV, None, 3, A3UD3KTZ9BC406, None, 1, AA3240MSZNQIZ, None, 4, A1YFVXP4A1CXSF, None, 5
debug3146RI, 29479, false, Male, 123, Black American Indian Other, asdf, Hispanic, Spanish, asdf, No, A30KYQGABO7JER, None, 1, A1H2UHJ78F185L, None, 2, A3388HIWAKD3DV, None, 3, A25CZJEFKXF4UV, None, 4, A1M24593XO5Z3C, None, 5
debug3I1ST7, 41872, false, Male, 69696969, White, DINGO, Not Hispanic, Spanish, DINGO, No, A22ZZCICZDCSTY, 3, None, A2NZ7RMSBXESNI, 4, None, A2Y6K5DW6G7H0T, 2, None, A2VOX49K21M6MQ, 5, None, A1HXEXQTZCJ1DW, 1, None
debug7NC94A, 168867, true, Male, 31, American Indian, , Hispanic, English, eenglish, No, A2FOUSWQDYHIE0, 4, None, A2TLN8489YGY81, 2, None, A1M24593XO5Z3C, 3, None, AY3W2L53R7EL3, 1, None, A2GVON0W6E874S, 5, None
debug7NC94A, 126426, false, None, , NA, , None, None, , None, A3LVO816U4WEEG, 3, None, A328CL0WG845R, 4, None, A1M24593XO5Z3C, 5, None, A1B5SSGMTAQ9B5, 1, None, AD0NVUGLDYDYN, 2, None
debugHALSD2, 48092, true, Male, 69,   , BLINGO, Hispanic, Spanish, BLINGO, No, A2615YW1YERQBO, None, 1, A3KVKK1XLBTSN3, None, 2, A1H2UHJ78F185L, None, 3, A328CL0WG845R, None, 4, A3V92Z4UXBEPOM, None, 5
debugQPKGI8, 45277, false, Male, 420420420420, White, , Hispanic, Spanish, 420420420420, Yes, AVPW7AXI9AFSM, None, 1, A3388HIWAKD3DV, None, 2, A3KVKK1XLBTSN3, None, 3, A2R0YYUAWNT7UD, None, 4, A25CZJEFKXF4UV, None, 5